{"name":"BurgerTypes","identifier":"PVXU8EIROM","description":null,"slotTypeValues":[{"synonyms":null,"sampleValue":{"value":"Plain"}},{"synonyms":null,"sampleValue":{"value":"Cheese"}},{"synonyms":null,"sampleValue":{"value":"Bacon"}},{"synonyms":null,"sampleValue":{"value":"Jalapeno"}},{"synonyms":null,"sampleValue":{"value":"Eggs"}},{"synonyms":null,"sampleValue":{"value":"Pickles"}}],"parentSlotTypeSignature":null,"valueSelectionSetting":{"resolutionStrategy":"ORIGINAL_VALUE","advancedRecognitionSetting":null,"regexFilter":null}}